1234:1234
1234:changeme
1234:password
666666:666666
666666:changeme
666666:password
888888:888888
888888:changeme
888888:password
aaron:aaron
aaron:changeme
aaron:password
abdul:abdul
abdul:changeme
abdul:password
abe:abe
abe:changeme
abel:abel
abel:changeme
abel:password
abe:password
abraham:abraham
abraham:changeme
abraham:password
acc:acc
acc:changeme
accounting:accounting
accounting:password
acc:password
a:changeme
acitoolkit:acitoolkit
adam:adam
adam:changeme
adam:password
adan:adan
adan:changeme
adan:password
adfexc:adfexc
adfexc:changeme
adfexc:password
adm:
adm:adm
adm:changeme
admin:
admin:<<<
Admin:
admin:0
admin:0000
admin:000000
admin:1111
admin:111111
admin:1111111
admin:11111111
admin:123
admin:123123
admin:1234
admin:12345
ADMIN:12345
admin:123456
Admin:123456
admin:1234567
admin:12345678
admin:123456789
admin:1234567890
admin:1234admin
admin:1988
admin1:changeme
admin1:password
admin:1q2w3e4r5t
admin:2222
admin:22222
admin2:admin2
admin2:changeme
admin2:password
admin:3477
admin:3ascotel
admin:4321
Admin:5001
admin:54321
admin:7j@m4Qd+1L
admin:7ujMko0admin
admin:7ujMko0vizxv
admin:9999
admin:abc123
admin:access
admin:admin
admin:Admin
Admin:admin
Admin:Admin
admin:admin117.35.97.74
admin:admin123
admin:admin1234
admin:admin12345
admin:administrator
admin:adminttd
admin:adslolitec
admin:adslroot
admin:adtran
admin:AitbISP4eCiG
admin:articon
admin:asante
admin:ascend
admin:Ascend
admin:asd
admin:atc123
admin:atlantis
admin:avocent
admin:backdoor
admin:barricade
admin:barricadei
admin:bintec
admin:BRIDGE
admin:cableroot
admin:cat1029
admin:changeme
admin:Change_Me
Admin:changeme
ADMIN:changeme
admin:cisco
admin:_Cisco
admin:comcomcom
admin:conexant
admin:default
admin:diamond
admin:draadloos
admin:EMCPMAdm7n
admin:enter
admin:epicrouter
admin:extendnet
admin:fliradmin
admin:giraff
admin:hagpolm1
admin:hello
admin:help
admin:hipchat
admin:hp.com
admin:imss7.0
admin:insecure
admin:Intel
admin:ironport
admin:isee
administrator:
Administrator:
administrator:1234
Administrator:3ware
Administrator:admin
administrator:administrator
ADMINISTRATOR:ADMINISTRATOR
administrator:airwatch
administrator:Amx1234!
administrator:changeme
Administrator:changeme
ADMINISTRATOR:changeme
Administrator:ganteng
Administrator:letmein
administrator:password
Administrator:password
ADMINISTRATOR:password
Administrator:pilou
Administrator:p@ssw0rd
Administrator:smcadmin
Administrator:Vision2
admin:jvc
admin:kont2004
admin:letmein
admin:leviton
admin:linga
admin:ManagementConsole2015
admin:meinsm
admin:meinsma
admin:michaelangelo
admin:michelangelo
admin:microbusiness
admin:MiniAP
admin:motorola
admin:mu
admin:my_DEMARC
admin:nas
admin:netadmin
admin:Netapp01
admin:netapp!123
admin:NetCache
admin:NetICs
admin:netscreen
admin:NetSurvibox
admin:noway
admin:OCS
admin:oelinux123
admin:OkiLAN
admin:operator
admin:P@55w0rd!
admin:pass
Admin:Pass
admin:Passw0rd_
admin:p-assword
admin:password
admin:Password
admin:PASSWORD
Admin:password
ADMIN:password
admin:password1
admin:Password123#
admin:passwort
admin:pento
admin:peribit
admin:pfsense
admin:private
admin:Protector
admin:public
admin:pwp
admin:qaz123321
admin:qaz12345
admin:qaz12345!
admin:qaz12345@
admin:qaz13579
admin:qaz1wsx2
admin:qaz24680
admin:qazedc
admin:qazqaz
admin:qazqwert
admin:qazwsx
admin:qazwsx!@#
admin:qazwsx1
admin:qazwsx12
admin:qazwsx@123
admin:qazwsx123
admin:qazwsx123!@#
admin:qazwsx123456
admin:qazwsx123456!@#$%^
admin:qazwsxcde!@#
admin:qazwsxedc
admin:qazwsxedc!@#
admin:qazwsxedc1
admin:qazwsxedc!@#123
admin:qazwsxedcrfv
admin:qazxsw
admin:qazxsw!@
admin:qazxswedc
admin:qazxswedc!@#
admin:qazxswedcvfr
admin:qwerty
admin:qwertyuiop
admin:radius
admin:rmnetlm
admin:root
admin:secure
admin:service
admin:setup
admin:Sharp
admin:sitecom
admin:smallbusiness
admin:smcadmin
admin:SMDR
admin:speedxess
adminstat:changeme
adminstat:OCS
adminstat:password
admin:stingray
adminstrator:adminstrator
adminstrator:changeme
adminstrator:password
admin:SUPER
admin:superuser
admin:support
admin:switch
admin:symbol
admin:Symbol
admin:synnet
admin:sysAdmin
admin:system
admin:TANDBERG
admin:tech
admin:teradata
admin:tlJwpbo6
adminttd:adminttd
adminttd:changeme
adminttd:password
admin:ubnt
adminuser:changeme
adminuser:OCS
adminuser:password
adminview:changeme
adminview:OCS
adminview:password
admin:visual
admin:vmware
admin:vmw@re
admin:w2402
Admin:wago
admin:wbox
admin:xad$|#12
admin:xad$l#12
admin:x-admin
admin:ZmqVfoSIP
admin:zoomadsl
admn:admn
ADMN:admn
admn:password
adm:password
adolfo:adolfo
adolfo:changeme
adolfo:password
adolph:adolph
adolph:changeme
adolph:password
adrian:adrian
adrian:changeme
adrian:password
adtec:adtec
adtec:changeme
adtec:password
agustin:agustin
agustin:changeme
agustin:password
ahmad:ahmad
ahmad:changeme
ahmad:password
ahmed:ahmed
ahmed:changeme
ahmed:password
airwatch:airwatch
al:al
alan:alan
alan:changeme
alan:password
albert:albert
albert:changeme
alberto:alberto
alberto:changeme
alberto:password
albert:password
al:changeme
alden:alden
alden:changeme
alden:password
aldo:aldo
aldo:changeme
aldo:password
alec:alec
alec:changeme
alec:password
alejandro:alejandro
alejandro:changeme
alejandro:password
alex:alex
alexander:alexander
alexander:changeme
alexander:password
alex:changeme
alexis:alexis
alexis:changeme
alexis:password
alex:password
alfonso:alfonso
alfonso:changeme
alfonso:password
alfonzo:alfonzo
alfonzo:changeme
alfonzo:password
alfred:alfred
alfred:changeme
alfredo:alfredo
alfredo:changeme
alfredo:password
alfred:password
ali:ali
ali:changeme
alien:alien
alien:password
ali:password
allan:allan
allan:changeme
allan:password
allen:allen
allen:changeme
allen:password
alonzo:alonzo
alonzo:changeme
alonzo:password
al:password
alphonse:alphonse
alphonse:changeme
alphonse:password
alphonso:alphonso
alphonso:changeme
alphonso:password
alpine:alpine
alton:alton
alton:changeme
alton:password
alva:alva
alva:changeme
alva:password
alvaro:alvaro
alvaro:changeme
alvaro:password
alvin:alvin
alvin:changeme
alvin:password
amado:amado
amado:changeme
amado:password
ami:
ami:ami
ami:changeme
ami:password
amos:amos
amos:changeme
amos:password
amx:Amx1234!
amx:changeme
amx:password
anderson:anderson
anderson:changeme
anderson:password
andrea:andrea
andrea:changeme
andre:andre
andrea:password
andre:changeme
andre:password
andres:andres
andres:changeme
andres:password
andrew:andrew
andrew:changeme
andrew:password
andy:andy
andy:changeme
andy:password
angel:angel
angel:changeme
angelo:angelo
angelo:changeme
angelo:password
angel:password
anibal:anibal
anibal:changeme
anibal:password
anonymous:anonymous
anonymous:any@
anonymous:changeme
Anonymous:changeme
anonymous:Exabyte
anonymous:password
Anonymous:password
anthony:anthony
anthony:changeme
anthony:password
antoine:antoine
antoine:changeme
antoine:password
anton:anton
anton:changeme
antone:antone
antone:changeme
antone:password
antonio:antonio
antonio:changeme
antonio:password
anton:password
antony:antony
antony:changeme
antony:password
antwan:antwan
antwan:changeme
antwan:password
Any:12345
AP521:AP521
apc:apc
apc:changeme
apc:password
app:app
application:application
appserve:appserve
appserver:appserver
archie:archie
archie:changeme
archie:password
ariel:ariel
ariel:changeme
ariel:password
armand:armand
armand:changeme
armando:armando
armando:changeme
armando:password
armand:password
arnold:arnold
arnold:changeme
arnold:password
arnulfo:arnulfo
arnulfo:changeme
arnulfo:password
aron:aron
aron:changeme
aron:password
arron:arron
arron:changeme
arron:password
art:art
art:changeme
arthur:arthur
arthur:changeme
arthur:password
art:password
arturo:arturo
arturo:changeme
arturo:password
ashley:ashley
ashley:changeme
ashley:password
at4400:at4400
at4400:changeme
at4400:password
aubrey:aubrey
aubrey:changeme
aubrey:password
august:august
august:changeme
augustine:augustine
augustine:changeme
augustine:password
august:password
augustus:augustus
augustus:changeme
augustus:password
aurelio:aurelio
aurelio:changeme
aurelio:password
austin:austin
austin:changeme
austin:password
author:author
author:password
autocad:autocad
autocad:password
avery:avery
avery:changeme
avery:password
backup:000000
backup:111111
backup:123123
backup:1234
backup:12345
backup:123456
backup:1234567
backup:12345678
backup:123456789
backup:1234567890
backup:1q2w3e4r5t
backup:abc123
backup:backup
backup:changeme
backup:iloveyou
backuponly:backuponly
backuponly:password
backup:password
backup:password1
backup:qwerty
backup:qwertyuiop
backuprestore:backuprestore
backuprestore:password
barney:barney
barney:changeme
barney:password
barry:barry
barry:changeme
barry:password
bart:bart
bart:changeme
barton:barton
barton:changeme
barton:password
bart:password
basil:basil
basil:changeme
basil:password
basisk:basisk
basisk:password
bbs:bbs
bbsd-client:changeme
bbsd-client:changeme2
bbsd-client:NULL
bbsd-client:password
bbs:password
bciim:bciim
bciim:bciimpw
bciim:changeme
bciim:password
bcim:bcim
bcim:bcimpw
bcim:changeme
bcim:password
bcms:bcms
bcms:bcmspw
bcms:changeme
bcms:password
bcnas:bcnas
bcnas:bcnaspw
bcnas:changeme
bcnas:password
bcnas:pcnaspw
beau:beau
beau:changeme
beau:password
ben:ben
ben:changeme
benito:benito
benito:changeme
benito:password
benjamin:benjamin
benjamin:changeme
benjamin:password
bennett:bennett
bennett:changeme
bennett:password
bennie:bennie
bennie:changeme
bennie:password
benny:benny
benny:changeme
benny:password
ben:password
bernard:bernard
bernard:changeme
bernardo:bernardo
bernardo:changeme
bernardo:password
bernard:password
bernie:bernie
bernie:changeme
bernie:password
berry:berry
berry:changeme
berry:password
bert:bert
bert:changeme
bert:password
bill:bill
bill:changeme
billie:billie
billie:changeme
billie:password
bill:password
billy:billy
billy:changeme
billy:password
bin:bin
bin:password
blaine:blaine
blaine:changeme
blaine:password
blair:blair
blair:changeme
blair:password
blake:blake
blake:changeme
blake:password
blue:blue
blue:bluepw
blue:changeme
blue:password
bobbie:bobbie
bobbie:changeme
bobbie:password
bob:bob
bobby:bobby
bobby:changeme
bobby:password
bobcat:miner
bob:changeme
bob:password
booker:booker
booker:changeme
booker:password
boris:boris
boris:changeme
boris:password
boss:boss
boss:password
both:both
both:password
boxmgmt:boxmgmt
boyd:boyd
boyd:changeme
boyd:password
bpel:bpel
bpel:password
brad:brad
brad:changeme
bradford:bradford
bradford:changeme
bradford:password
bradley:bradley
bradley:changeme
bradley:password
bradly:bradly
bradly:changeme
bradly:password
brad:password
brady:brady
brady:changeme
brady:password
brain:brain
brain:changeme
brain:password
branden:branden
branden:changeme
branden:password
brandon:brandon
brandon:changeme
brandon:password
brant:brant
brant:changeme
brant:password
brendan:brendan
brendan:changeme
brendan:password
brent:brent
brent:changeme
brenton:brenton
brenton:changeme
brenton:password
brent:password
bret:bret
bret:changeme
bret:password
brett:brett
brett:changeme
brett:password
brian:brian
brian:changeme
brian:password
brice:brice
brice:changeme
brice:password
brock:brock
brock:changeme
brock:password
brooks:brooks
brooks:changeme
brooks:password
browse:browse
browse:browsepw
browse:changeme
browse:looker
browse:password
bruce:bruce
bruce:changeme
bruce:password
bruno:bruno
bruno:changeme
bruno:password
bryan:bryan
bryan:changeme
bryan:password
bryant:bryant
bryant:changeme
bryant:password
bryce:bryce
bryce:changeme
bryce:password
bryon:bryon
bryon:changeme
bryon:password
bsxuser:bsxuser
bsxuser:password
bubba:bubba
bubba:password
bud:bud
bud:changeme
buddy:buddy
buddy:changeme
buddy:password
bud:password
buford:buford
buford:changeme
buford:password
builtin:builtin
builtin:password
burl:burl
burl:changeme
burl:password
burt:burt
burt:changeme
burton:burton
burton:changeme
burton:password
burt:password
byron:byron
byron:changeme
byron:password
cablecom:cablecom
cablecom:changeme
cablecom:password
cablecom:router
cablemodem:robotics
cac_admin:cacadmin
cac_admin:changeme
cac_admin:password
caleb:caleb
caleb:changeme
caleb:password
calvin:calvin
calvin:changeme
calvin:password
camera:camera
cameron:cameron
cameron:changeme
cameron:password
carey:carey
carey:changeme
carey:password
carl:carl
carl:changeme
carlo:carlo
carlo:changeme
carlo:password
carlos:carlos
carlos:changeme
carlos:password
carl:password
carlton:carlton
carlton:changeme
carlton:password
carmelo:carmelo
carmelo:changeme
carmelo:password
carmen:carmen
carmen:changeme
carmen:password
carmine:carmine
carmine:changeme
carmine:password
carol:carol
carol:changeme
carol:password
carroll:carroll
carroll:changeme
carroll:password
carson:carson
carson:changeme
carson:password
carter:carter
carter:changeme
carter:password
cary:cary
cary:changeme
cary:password
cas:cascade
casey:casey
casey:changeme
casey:password
c-comatic:xrtwk318
ccrusr:ccrusr
ccrusr:changeme
ccrusr:password
cecil:cecil
cecil:changeme
cecil:password
ceconsl:ceconsl
ceconsl:password
cedric:cedric
cedric:changeme
cedric:password
cellit:cellit
cellit:changeme
cellit:password
centos:reverse
cesar:cesar
cesar:changeme
cesar:password
cgadmin:cgadmin
cgadmin:changeme
cgadmin:password
chad:chad
chad:changeme
chad:password
chadwick:chadwick
chadwick:changeme
chadwick:password
chance:chance
chance:changeme
chance:password
chang:chang
chang:changeme
chang:password
charles:changeme
charles:charles
charles:password
charley:changeme
charley:charley
charley:password
charlie:changeme
charlie:charlie
charlie:password
chase:changeme
chase:chase
chase:password
chauncey:changeme
chauncey:chauncey
chauncey:password
checkfs:checkfs
checkfs:password
checkfsys:checkfsys
checkfsys:password
checksys:checksys
checksys:password
chester:changeme
chester:chester
chester:password
chi:changeme
chi:chi
chi:password
chris:changeme
chris:chris
chris:password
christian:changeme
christian:christian
christian:password
christoper:changeme
christoper:christoper
christoper:password
christopher:changeme
christopher:christopher
christopher:password
chuck:changeme
chuck:chuck
chuck:password
circ:circ
circ:password
cirros:cubswin:)
cisco:
cisco:changeme
Cisco:changeme
cisco:cisco
cisco:Cisco
Cisco:Cisco
cisco:password
Cisco:password
cisco:qaz123321
cisco:qaz12345
cisco:qaz12345!
cisco:qaz12345@
cisco:qaz13579
cisco:qaz1wsx2
cisco:qaz24680
cisco:qazedc
cisco:qazqaz
cisco:qazqwert
cisco:qazwsx
cisco:qazwsx!@#
cisco:qazwsx1
cisco:qazwsx12
cisco:qazwsx@123
cisco:qazwsx123
cisco:qazwsx123!@#
cisco:qazwsx123456
cisco:qazwsx123456!@#$%^
cisco:qazwsxcde!@#
cisco:qazwsxedc
cisco:qazwsxedc!@#
cisco:qazwsxedc1
cisco:qazwsxedc!@#123
cisco:qazwsxedcrfv
cisco:qazxsw
cisco:qazxsw!@
cisco:qazxswedc
cisco:qazxswedc!@#
cisco:qazxswedcvfr
citel:changeme
citel:citel
citel:password
clair:changeme
clair:clair
clair:password
clamav:clamav
clarence:changeme
clarence:clarence
clarence:password
clark:changeme
clark:clark
clark:password
claude:changeme
claude:claude
claude:password
claudio:changeme
claudio:claudio
claudio:password
clay:changeme
clay:clay
clay:password
clayton:changeme
clayton:clayton
clayton:password
clearone:clearone
clearone:password
clement:changeme
clement:clement
clement:password
cleo:changeme
cleo:cleo
cleo:password
cleveland:changeme
cleveland:cleveland
cleveland:password
cli:ChangeMe
client:changeme
client:client
client:password
cliff:changeme
cliff:cliff
clifford:changeme
clifford:clifford
clifford:password
cliff:password
clifton:changeme
clifton:clifton
clifton:password
clint:changeme
clint:clint
clinton:changeme
clinton:clinton
clinton:password
clint:password
cli:Stor@ge!
cloudera:cloudera
clyde:changeme
clyde:clyde
clyde:password
cmaker:changeme
cmaker:cmaker
cmaker:password
cody:changeme
cody:cody
cody:password
colby:changeme
colby:colby
colby:password
cole:changeme
cole:cole
coleman:changeme
coleman:coleman
coleman:password
cole:password
colin:changeme
colin:colin
colin:password
collin:changeme
collin:collin
collin:password
comcast:1234
conferencing:conferencing
conferencing:password
connie:changeme
connie:connie
connie:password
conrad:changeme
conrad:conrad
conrad:password
corecess:changeme
corecess:corecess
corecess:password
core:core
core:password
corey:changeme
corey:corey
corey:password
cornelius:changeme
cornelius:cornelius
cornelius:password
cornell:changeme
cornell:cornell
cornell:password
cory:changeme
cory:cory
cory:password
courtney:changeme
courtney:courtney
courtney:password
coy:changeme
coy:coy
coy:password
craft:
craft:changeme
craft:craft
craft:craftpw
craft:crftpw
craft:password
craig:changeme
craig:craig
craig:password
cruz:changeme
cruz:cruz
cruz:password
CSG:changeme
CSG:password
CSG:SESAME
ctb_admin:ctb_admin
ctb_admin:password
curt:changeme
curt:curt
curtis:changeme
curtis:curtis
curtis:password
curt:password
cusadmin:changeme
cusadmin:cusadmin
cusadmin:highspeed
cusadmin:password
cust:changeme
cust:cust
cust:custpw
customer:
customer:changeme
customer:customer
customer:none
customer:password
cust:password
cyril:changeme
cyril:cyril
cyril:password
cyrus:changeme
cyrus:cyrus
cyrus:password
dadmin:changeme
dadmin:dadmin
dadmin:dadmin01
dadmin:password
daemon:
daemon:daemon
daemon:password
dale:changeme
dale:dale
dale:password
dallas:changeme
dallas:dallas
dallas:password
dalton:changeme
dalton:dalton
dalton:password
damian:changeme
damian:damian
damian:password
damien:changeme
damien:damien
damien:password
damion:changeme
damion:damion
damion:password
damon:changeme
damon:damon
damon:password
dana:changeme
dana:dana
dana:password
dan:changeme
dan:dan
dane:changeme
dane:dane
dane:password
danial:changeme
danial:danial
danial:password
daniel:changeme
daniel:daniel
daniel:password
dannie:changeme
dannie:dannie
dannie:password
danny:changeme
danny:danny
danny:password
dan:password
dante:changeme
dante:dante
dante:password
daren:changeme
daren:daren
daren:password
darin:changeme
darin:darin
darin:password
dario:changeme
dario:dario
dario:password
darius:changeme
darius:darius
darius:password
darnell:changeme
darnell:darnell
darnell:password
darrel:changeme
darrel:darrel
darrell:changeme
darrell:darrell
darrell:password
darrel:password
darren:changeme
darren:darren
darren:password
darrin:changeme
darrin:darrin
darrin:password
darryl:changeme
darryl:darryl
darryl:password
darwin:changeme
darwin:darwin
darwin:password
daryl:changeme
daryl:daryl
daryl:password
dave:changeme
dave:dave
dave:password
david:changeme
david:david
david:password
davis:changeme
davis:davis
davis:password
davox:changeme
davox:davox
davox:password
db2:changeme
db2:db2
db2fenc1:db2fenc1
db2fenc1:password
db2inst1:db2inst1
db2inst1:password
db2:password
dbase:dbase
dbase:password
dbmadmin:welcome
dbmmonitor:welcome
dcmadmin:changeme
dcmadmin:passw0rd
dcmadmin:password
dean:changeme
dean:dean
deandre:changeme
deandre:deandre
deandre:password
dean:password
debian:debian
debian:sixaola
debian:temppwd
debug:changeme
debug:d.e.b.u.g
debug:debug
debug:debug124
debug:password
debug:synnet
dee:changeme
dee:dee
dee:password
default:
default:antslq
default:changeme
default:default
default:OxhlwSG8
default:password
default:S2fGqNFs
default:video
delbert:changeme
delbert:delbert
delbert:password
delmar:changeme
delmar:delmar
delmar:password
delmer:changeme
delmer:delmer
delmer:password
demetrius:changeme
demetrius:demetrius
demetrius:password
demo:demo
demo:fai
demo:password
demos:demos
demos:password
denis:changeme
denis:denis
denis:password
dennis:changeme
dennis:dennis
dennis:password
denny:changeme
denny:denny
denny:password
denver:changeme
denver:denver
denver:password
deon:changeme
deon:deon
deon:password
derek:changeme
derek:derek
derek:password
derick:changeme
derick:derick
derick:password
derrick:changeme
derrick:derrick
derrick:password
deskalt:changeme
deskalt:deskalt
deskalt:password
deskman:changeme
deskman:deskman
deskman:password
desknorm:changeme
desknorm:desknorm
desknorm:password
deskres:changeme
deskres:deskres
deskres:password
desmond:changeme
desmond:desmond
desmond:password
dev:dev
device:apc
device:changeme
device:device
device:password
devin:changeme
devin:devin
devin:password
devon:changeme
devon:devon
devon:password
dev:password
dewayne:changeme
dewayne:dewayne
dewayne:password
dewey:changeme
dewey:dewey
dewey:password
dewitt:changeme
dewitt:dewitt
dewitt:password
dexter:changeme
dexter:dexter
dexter:password
dhs3mt:changeme
dhs3mt:dhs3mt
dhs3mt:password
dhs3pms:changeme
dhs3pms:dhs3pms
dhs3pms:password
diag:changeme
diag:danger
diag:diag
diag:password
diag:switch
dick:changeme
dick:dick
dick:password
diego:changeme
diego:diego
diego:password
digicel:digicel
dillon:changeme
dillon:dillon
dillon:password
dino:changeme
dino:dino
dino:password
dion:changeme
dion:dion
dion:password
dirk:changeme
dirk:dirk
dirk:password
distrib:distrib
distrib:password
disttech:4tas
disttech:changeme
disttech:disttech
disttech:password
D-Link:D-Link
dm:changeme
dm:ftp
dmftp:changeme
dmftp:ftp
dmftp:password
dm:password
dm:telnet
dni:dni
dni:password
domingo:changeme
domingo:domingo
domingo:password
dominic:changeme
dominic:dominic
dominick:changeme
dominick:dominick
dominick:password
dominic:password
dominique:changeme
dominique:dominique
dominique:password
donald:changeme
donald:donald
donald:password
don:changeme
don:don
donn:changeme
donn:donn
donnell:changeme
donnell:donnell
donnell:password
donnie:changeme
donnie:donnie
donnie:password
donn:password
donny:changeme
donny:donny
donny:password
donovan:changeme
donovan:donovan
donovan:password
don:password
dorian:changeme
dorian:dorian
dorian:password
dos:dos
dos:password
doug:changeme
doug:doug
douglas:changeme
douglas:douglas
douglas:password
doug:password
doyle:changeme
doyle:doyle
doyle:password
dpn:dpn
dpn:password
draytek:1234
draytek:changeme
draytek:password
drew:changeme
drew:drew
drew:password
DTA:TJM
duane:changeme
duane:duane
duane:password
dudley:changeme
dudley:dudley
dudley:password
duncan:changeme
duncan:duncan
duncan:password
dustin:changeme
dustin:dustin
dustin:password
dusty:changeme
dusty:dusty
dusty:password
dvstation:dvstation
dvstation:password
dwayne:changeme
dwayne:dwayne
dwayne:password
dwight:changeme
dwight:dwight
dwight:password
dylan:changeme
dylan:dylan
dylan:password
e250:changeme
e250:e250changeme
e250:password
e500:changeme
e500:e500changeme
e500:password
eagle:eagle
eagle:password
earl:changeme
earl:earl
earle:changeme
earle:earle
earle:password
earl:password
earnest:changeme
earnest:earnest
earnest:password
echo:changeme
echo:echo
echo:password
echo:User
ed:changeme
eddie:changeme
eddie:eddie
eddie:password
eddy:changeme
eddy:eddy
eddy:password
ed:ed
edgar:changeme
edgardo:changeme
edgardo:edgardo
edgardo:password
edgar:edgar
edgar:password
edmond:changeme
edmond:edmond
edmond:password
edmund:changeme
edmund:edmund
edmund:password
ed:password
eduardo:changeme
eduardo:eduardo
eduardo:password
edward:changeme
edward:edward
edwardo:changeme
edwardo:edwardo
edwardo:password
edward:password
edwin:changeme
edwin:edwin
edwin:password
efrain:changeme
efrain:efrain
efrain:password
efren:changeme
efren:efren
efren:password
elbert:changeme
elbert:elbert
elbert:password
eldon:changeme
eldon:eldon
eldon:password
elias:changeme
elias:elias
elias:password
eli:changeme
eli:eli
elijah:changeme
elijah:elijah
elijah:password
eli:password
eliseo:changeme
eliseo:eliseo
eliseo:password
elk_user:forensics
elliot:changeme
elliot:elliot
elliot:password
elliott:changeme
elliott:elliott
elliott:password
ellis:changeme
ellis:ellis
ellis:password
elmer:changeme
elmer:elmer
elmer:password
elmo:changeme
elmo:elmo
elmo:password
eloy:changeme
eloy:eloy
eloy:password
elton:changeme
elton:elton
elton:password
elvin:changeme
elvin:elvin
elvin:password
elvis:changeme
elvis:elvis
elvis:password
elwood:changeme
elwood:elwood
elwood:password
emanuel:changeme
emanuel:emanuel
emanuel:password
emerson:changeme
emerson:emerson
emerson:password
emery:changeme
emery:emery
emery:password
emil:changeme
emile:changeme
emile:emile
emil:emil
emile:password
emilio:changeme
emilio:emilio
emilio:password
emil:password
emmanuel:changeme
emmanuel:emmanuel
emmanuel:password
emmett:changeme
emmett:emmett
emmett:password
emory:changeme
emory:emory
emory:password
enable:
enable:changeme
enable:enable
enable:password
eng:changeme
eng:eng
eng:engineer
engineer:changeme
engineer:engineer
engineer:password
engmode:changeme
engmode:hawk201
engmode:password
eng:password
enisa:enisa
enquiry:changeme
enquiry:enquiry
enquiry:enquirypw
enquiry:password
enrique:changeme
enrique:enrique
enrique:password
epiq_api:epiq_api
epiq_api:password
eric:changeme
eric:eric
erich:changeme
erich:erich
erich:password
erick:changeme
erick:erick
erick:password
eric:password
erik:changeme
erik:erik
erik:password
erin:changeme
erin:erin
erin:password
ernest:changeme
ernest:ernest
ernesto:changeme
ernesto:ernesto
ernesto:password
ernest:password
ernie:changeme
ernie:ernie
ernie:password
errol:changeme
errol:errol
errol:password
ervin:changeme
ervin:ervin
ervin:password
erwin:changeme
erwin:erwin
erwin:password
esteban:changeme
esteban:esteban
esteban:password
ethan:changeme
ethan:ethan
ethan:password
eugene:changeme
eugene:eugene
eugene:password
eugenio:changeme
eugenio:eugenio
eugenio:password
eurek:eurek
evan:changeme
evan:evan
evan:password
everett:changeme
everette:changeme
everette:everette
everette:password
everett:everett
everett:password
ezra:changeme
ezra:ezra
ezra:password
fabian:changeme
fabian:fabian
fabian:password
Factory:56789
Factory:changeme
factory:factory
factory:password
Factory:password
fal:fal
fal:password
fam:fam
fam:password
fastwire:fastwire
fastwire:password
faustino:changeme
faustino:faustino
faustino:password
fax:fax
fax:password
fdrusers:changeme
fdrusers:password
fdrusers:sresurdf
federico:changeme
federico:federico
federico:password
felipe:changeme
felipe:felipe
felipe:password
felix:changeme
felix:felix
felix:password
ferdinand:changeme
ferdinand:ferdinand
ferdinand:password
fernando:changeme
fernando:fernando
fernando:password
fg_sysadmin:fg_sysadmin
fg_sysadmin:password
fidel:changeme
fidel:fidel
fidel:password
field:changeme
FIELD:changeme
field:field
FIELD:HPONLY
FIELD:LOTUS
FIELD:MANAGER
FIELD:MGR
field:password
FIELD:password
FIELD:SERVICE
field:support
FIELD:SUPPORT
firstsite:firstsite
firstsite:password
fletcher:changeme
fletcher:fletcher
fletcher:password
floyd:changeme
floyd:floyd
floyd:password
forest:changeme
forest:forest
forest:password
forrest:changeme
forrest:forrest
forrest:password
foster:changeme
foster:foster
foster:password
frances:changeme
frances:frances
frances:password
francis:changeme
francisco:changeme
francisco:francisco
francisco:password
francis:francis
francis:password
frank:changeme
frank:frank
frankie:changeme
frankie:frankie
frankie:password
franklin:changeme
franklin:franklin
franklin:password
frank:password
fred:changeme
freddie:changeme
freddie:freddie
freddie:password
freddy:changeme
freddy:freddy
freddy:password
frederic:changeme
frederic:frederic
frederick:changeme
frederick:frederick
frederick:password
frederic:password
fred:fred
fred:password
fredric:changeme
fredric:fredric
fredrick:changeme
fredrick:fredrick
fredrick:password
fredric:password
freeman:changeme
freeman:freeman
freeman:password
fritz:changeme
fritz:fritz
fritz:password
ftp_admi:changeme
ftp_admi:kilo1987
ftp_admi:password
ftp:b1uRR3
ftp_boot:changeme
ftp_boot:ftp_boot
ftp_boot:password
ftp:changeme
ftp:ftp
ftp_inst:changeme
ftp_inst:password
ftp_inst:pbxk1064
ftp_nmc:changeme
ftp_nmc:password
ftp_nmc:tuxalize
ftp_oper:changeme
ftp_oper:help1954
ftp_oper:password
ftp:password
ftpuser:changeme
ftpuser:ftpuser
ftpuser:password
ftp:video
fwadmin:fwadmin
fwadmin:password
fwupgrade:fwupgrade
gabriel:changeme
gabriel:gabriel
gabriel:password
gail:changeme
gail:gail
gail:password
gale:changeme
gale:gale
galen:changeme
galen:galen
galen:password
gale:password
games:games
games:password
garland:changeme
garland:garland
garland:password
garrett:changeme
garrett:garrett
garrett:password
garry:changeme
garry:garry
garry:password
garth:changeme
garth:garth
garth:password
gary:changeme
gary:gary
gary:password
gavin:changeme
gavin:gavin
gavin:password
GE:changeme
GE:GE
GEN1:changeme
GEN1:gen1
GEN1:password
GEN2:changeme
GEN2:gen2
GEN2:password
genaro:changeme
genaro:genaro
genaro:password
gene:changeme
gene:gene
gene:password
geoffrey:changeme
geoffrey:geoffrey
geoffrey:password
george:changeme
george:george
george:password
geosolutions:Geos
GE:password
gerald:changeme
gerald:gerald
gerald:password
gerard:changeme
gerard:gerard
gerardo:changeme
gerardo:gerardo
gerardo:password
gerard:password
german:changeme
german:german
german:password
gerry:changeme
gerry:gerry
gerry:password
gilbert:changeme
gilbert:gilbert
gilberto:changeme
gilberto:gilberto
gilberto:password
gilbert:password
gil:changeme
gil:gil
gil:password
gino:changeme
gino:gino
gino:password
giovanni:changeme
giovanni:giovanni
giovanni:password
git:changeme
git:git
git:password
glen:changeme
glen:glen
glenn:changeme
glenn:glenn
glenn:password
glen:password
glftpd:glftpd
glftpd:password
GlobalAdmin:changeme
GlobalAdmin:GlobalAdmin
GlobalAdmin:password
god1:god1
god1:password
god2:god2
god2:password
gonzalo:changeme
gonzalo:gonzalo
gonzalo:password
gonzo:gonzo
gonzo:password
gopher:gopher
gopher:password
gordon:changeme
gordon:gordon
gordon:password
grady:changeme
grady:grady
grady:password
graham:changeme
graham:graham
graham:password
grant:changeme
grant:grant
grant:password
greg:changeme
gregg:changeme
gregg:gregg
gregg:password
greg:greg
gregorio:changeme
gregorio:gregorio
gregorio:password
gregory:changeme
gregory:gregory
gregory:password
greg:password
gropher:gropher
gropher:password
grover:changeme
grover:grover
grover:password
guadalupe:changeme
guadalupe:guadalupe
guadalupe:password
guest:
guest:1111
guest:12345
guest:123456
guest1:guest1
guest1:password
guest:changeme
Guest:changeme
guest:guest
Guest:guest
guest:password
Guest:password
guest:User
guest:xc3511
guillermo:changeme
guillermo:guillermo
guillermo:password
guru:guru
guru:password
gus:changeme
gus:gus
gus:password
gustavo:changeme
gustavo:gustavo
gustavo:password
guy:changeme
guy:guy
guy:password
hacker:compass
hadoop:changeme
hadoop:hadoop
hadoop:password
hal:changeme
hal:hal
hal:password
halt:changeme
halt:halt
halt:password
halt:tlah
hank:changeme
hank:hank
hank:password
hans:changeme
hans:hans
hans:password
harlan:changeme
harlan:harlan
harlan:password
harley:changeme
harley:harley
harley:password
harold:changeme
harold:harold
harold:password
harris:changeme
harris:harris
harrison:changeme
harrison:harrison
harrison:password
harris:password
harry:changeme
harry:harry
harry:password
harvey:changeme
harvey:harvey
harvey:password
heath:changeme
heath:heath
heath:password
hector:changeme
hector:hector
hector:password
HELLO:changeme
HELLO:FIELD.SUPPORT
hello:hello
HELLO:MANAGER.SYS
HELLO:MGR.SYS
HELLO:OP.OPERATOR
hello:password
HELLO:password
helpdesk:changeme
helpdesk:OCS
helpdesk:password
henry:changeme
henry:henry
henry:password
herbert:changeme
herbert:herbert
herbert:password
heriberto:changeme
heriberto:heriberto
heriberto:password
herman:changeme
herman:herman
herman:password
herschel:changeme
herschel:herschel
herschel:password
hershel:changeme
hershel:hershel
hershel:password
hilario:changeme
hilario:hilario
hilario:password
hiram:changeme
hiram:hiram
hiram:password
hollis:changeme
hollis:hollis
hollis:password
homer:changeme
homer:homer
homer:password
horace:changeme
horace:horace
horace:password
horacio:changeme
horacio:horacio
horacio:password
host:host
host:password
houston:changeme
houston:houston
houston:password
howard:changeme
howard:howard
howard:password
hqadmin:hqadmin
hqadmin:password
hsa:changeme
hsa:hsa
hsa:hsadb
hsa:password
hscroot:abc123
hscroot:changeme
hscroot:hscroot
hscroot:password
httpadmin:changeme
httpadmin:fhttpadmin
httpadmin:password
HTTP:changeme
http:http
HTTP:HTTP
http:password
HTTP:password
hubert:changeme
hubert:hubert
hubert:password
hugh:changeme
hugh:hugh
hugh:password
hugo:changeme
hugo:hugo
hugo:password
humberto:changeme
humberto:humberto
humberto:password
hung:changeme
hung:hung
hung:password
hunter:changeme
hunter:hunter
hunter:password
hxeadm:HXEHana1
hydrasna:
hydrasna:changeme
hydrasna:password
ian:changeme
ian:ian
ian:password
ibm:ibm
ibm:password
iceman:iceman
iceman:password
iclock:changeme
iclock:iclock
iclock:password
iclock:timely
IEIeMerge:changeme
IEIeMerge:eMerge
IEIeMerge:password
IEUser:D@rj33l1ng
ignacio:changeme
ignacio:ignacio
ignacio:password
ilom-admin:ilom-admin
ilom-admin:password
ilom-operator:ilom-operator
ilom-operator:password
ilon:ilon
ilon:password
images:changeme
images:images
images:password
inads:changeme
inads:inads
inads:indspw
inads:password
info:changeme
info:info
info:password
informix:informix
informix:password
init:changeme
init:init
init:initpw
init:password
install:changeme
installer:changeme
installer:installer
installer:password
install:install
install:llatsni
install:password
install:secret
instrument:changeme
instrument:instrument
instrument:password
intel:changeme
intel:intel
intel:password
intermec:changeme
intermec:intermec
intermec:intermec1QTPS
intermec:password
internal:internal
internal:password
IntraStack:Asante
IntraStack:changeme
IntraStack:password
IntraSwitch:Asante
IntraSwitch:changeme
IntraSwitch:password
ira:changeme
ira:ira
ira:password
irvin:changeme
irving:changeme
irving:irving
irving:password
irvin:irvin
irvin:password
irwin:changeme
irwin:irwin
irwin:password
isaac:changeme
isaac:isaac
isaac:password
isaiah:changeme
isaiah:isaiah
isaiah:password
isiah:changeme
isiah:isiah
isiah:password
isidro:changeme
isidro:isidro
isidro:password
ismael:changeme
ismael:ismael
ismael:password
isp:changeme
isp:isp
isp:password
israel:changeme
israel:israel
israel:password
issac:changeme
issac:issac
issac:password
itsadmin:itsadmin
itsadmin:password
ivan:changeme
ivan:ivan
ivan:password
ivory:changeme
ivory:ivory
ivory:password
jack:changeme
jackie:changeme
jackie:jackie
jackie:password
jack:jack
jack:password
jackson:changeme
jackson:jackson
jackson:password
jacob:changeme
jacob:jacob
jacob:password
jacques:changeme
jacques:jacques
jacques:password
jagadmin:
jagadmin:changeme
jagadmin:password
jaime:changeme
jaime:jaime
jaime:password
jake:changeme
jake:jake
jake:password
jamaal:changeme
jamaal:jamaal
jamaal:password
jamal:changeme
jamal:jamal
jamal:password
jamar:changeme
jamar:jamar
jamar:password
jame:changeme
jame:jame
jamel:changeme
jamel:jamel
jamel:password
jame:password
james:changeme
james:james
james:password
jamfsoftware:jamfsoftware
jamfsoftware:password
jamie:changeme
jamie:jamie
jamie:password
jan:changeme
jan:jan
jan:password
jared:changeme
jared:jared
jared:password
jarred:changeme
jarred:jarred
jarred:password
jarrett:changeme
jarrett:jarrett
jarrett:password
jarrod:changeme
jarrod:jarrod
jarrod:password
jarvis:changeme
jarvis:jarvis
jarvis:password
jason:changeme
jason:jason
jason:password
jasperadmin:jasperadmin
jasperadmin:password
jasper:changeme
jasper:jasper
jasper:password
javier:changeme
javier:javier
javier:password
jay:changeme
jay:jay
jay:password
jayson:changeme
jayson:jayson
jayson:password
jboss:jboss
JDE:changeme
JDE:JDE
JDE:password
jean:changeme
jean:jean
jean:password
jed:changeme
jed:jed
jed:password
jeff:changeme
jefferey:changeme
jefferey:jefferey
jefferey:password
jefferson:changeme
jefferson:jefferson
jefferson:password
jeffery:changeme
jeffery:jeffery
jeffery:password
jeff:jeff
jeff:password
jeffrey:changeme
jeffrey:jeffrey
jeffrey:password
jeffry:changeme
jeffry:jeffry
jeffry:password
jen:changeme
jen:jen
jennifer:changeme
jennifer:jennifer
jennifer:password
jen:password
jerald:changeme
jerald:jerald
jerald:password
jeremiah:changeme
jeremiah:jeremiah
jeremiah:password
jeremy:changeme
jeremy:jeremy
jeremy:password
jermaine:changeme
jermaine:jermaine
jermaine:password
jerold:changeme
jerold:jerold
jerold:password
jerome:changeme
jerome:jerome
jerome:password
jerrod:changeme
jerrod:jerrod
jerrod:password
jerrold:changeme
jerrold:jerrold
jerrold:password
jerry:changeme
jerry:jerry
jerry:password
jess:changeme
jesse:changeme
jesse:jesse
jesse:password
jessie:changeme
jessie:jessie
jessie:password
jess:jess
jess:password
jesus:changeme
jesus:jesus
jesus:password
jim:changeme
jim:jim
jimmie:changeme
jimmie:jimmie
jimmie:password
jimmy:changeme
jimmy:jimmy
jimmy:password
jim:password
jj:jj
jj:password
joan:changeme
joan:joan
joan:password
joaquin:changeme
joaquin:joaquin
joaquin:password
jody:changeme
jody:jody
jody:password
joe:changeme
joe:joe
joel:changeme
joel:joel
joel:password
joe:password
joesph:changeme
joesph:joesph
joesph:password
joeuser:joeuser
joeuser:password
joey:changeme
joey:joey
joey:password
johnathan:changeme
johnathan:johnathan
johnathan:password
johnathon:changeme
johnathon:johnathon
johnathon:password
john:changeme
johnie:changeme
johnie:johnie
johnie:password
john:john
johnnie:changeme
johnnie:johnnie
johnnie:password
johnny:changeme
johnny:johnny
johnny:password
john:password
johnson:johnson
johnson:password
jonah:changeme
jonah:jonah
jonah:password
jonas:changeme
jonas:jonas
jonas:password
jonathan:changeme
jonathan:jonathan
jonathan:password
jonathon:changeme
jonathon:jonathon
jonathon:password
jon:changeme
jon:jon
jon:password
jordan:changeme
jordan:jordan
jordan:password
jorge:changeme
jorge:jorge
jorge:password
jose:changeme
josef:changeme
josef:josef
josef:password
jose:jose
jose:password
joseph:changeme
joseph:joseph
joseph:password
josh:changeme
josh:josh
josh:password
joshua:changeme
joshua:joshua
joshua:password
josiah:changeme
josiah:josiah
josiah:password
josue:changeme
josue:josue
josue:password
juan:changeme
juan:juan
juan:password
judson:changeme
judson:judson
judson:password
jules:changeme
jules:jules
jules:password
julian:changeme
julian:julian
julian:password
julio:changeme
julio:julio
julio:password
julius:changeme
julius:julius
julius:password
junior:changeme
junior:junior
junior:password
justin:changeme
justin:justin
justin:password
kali:kali
kali:toor
kareem:changeme
kareem:kareem
kareem:password
karl:changeme
karl:karl
karl:password
keith:changeme
keith:keith
keith:password
kelly:changeme
kelly:kelly
kelly:password
kelvin:changeme
kelvin:kelvin
kelvin:password
ken:changeme
kendall:changeme
kendall:kendall
kendall:password
kendrick:changeme
kendrick:kendrick
kendrick:password
ken:ken
kenneth:changeme
kenneth:kenneth
kenneth:password
kennith:changeme
kennith:kennith
kennith:password
kenny:changeme
kenny:kenny
kenny:password
ken:password
kent:changeme
kent:kent
kenton:changeme
kenton:kenton
kenton:password
kent:password
kermit:changeme
kermit:kermit
kermit:password
kerry:changeme
kerry:kerry
kerry:password
keven:changeme
keven:keven
keven:password
kevin:changeme
kevin:kevin
kevin:password
kieth:changeme
kieth:kieth
kieth:password
kim:changeme
kim:kim
kim:password
kip:changeme
kip:kip
kip:password
kirby:changeme
kirby:kirby
kirby:password
kirk:changeme
kirk:kirk
kirk:password
kompuser:password
kory:changeme
kory:kory
kory:password
kris:changeme
kris:kris
kris:password
kristopher:changeme
kristopher:kristopher
kristopher:password
kurt:changeme
kurtis:changeme
kurtis:kurtis
kurtis:password
kurt:kurt
kurt:password
kyle:changeme
kyle:kyle
kyle:password
l2:changeme
l2:l2
l2:password
l3:changeme
l3:l3
l3:password
lamar:changeme
lamar:lamar
lamar:password
lamont:changeme
lamont:lamont
lamont:password
lance:changeme
lance:lance
lance:password
landon:changeme
landon:landon
landon:password
lane:changeme
lane:lane
lane:password
lanny:changeme
lanny:lanny
lanny:password
lansweeperuser:lansweeperuser
lansweeperuser:password
larry:changeme
larry:larry
larry:password
laurence:changeme
laurence:laurence
laurence:password
lavern:changeme
laverne:changeme
laverne:laverne
laverne:password
lavern:lavern
lavern:password
lawrence:changeme
lawrence:lawrence
lawrence:password
lazaro:changeme
lazaro:lazaro
lazaro:password
ldap:changeme
ldap:ldap
ldap:password
lee:changeme
lee:lee
lee:password
leland:changeme
leland:leland
leland:password
lemuel:changeme
lemuel:lemuel
lemuel:password
lenard:changeme
lenard:lenard
lenard:password
lenny:changeme
lenny:lenny
lenny:password
leo:changeme
leo:leo
leonard:changeme
leonard:leonard
leonardo:changeme
leonardo:leonardo
leonardo:password
leonard:password
leon:changeme
leonel:changeme
leonel:leonel
leonel:password
leon:leon
leon:password
leo:password
leopoldo:changeme
leopoldo:leopoldo
leopoldo:password
leroy:changeme
leroy:leroy
leroy:password
les:changeme
les:les
leslie:changeme
leslie:leslie
leslie:password
les:password
lester:changeme
lester:lester
lester:password
levi:changeme
levi:levi
levi:password
lewis:changeme
lewis:lewis
lewis:password
lexar:lexar
lexar:password
Liebert:changeme
Liebert:Liebert
Liebert:password
lincoln:changeme
lincoln:lincoln
lincoln:password
lindsey:changeme
lindsey:lindsey
lindsey:password
linksys:
linwood:changeme
linwood:linwood
linwood:password
lionel:changeme
lionel:lionel
lionel:password
lloyd:changeme
lloyd:lloyd
lloyd:password
loader:changeme
loader:fwdownload
loader:password
localadmin:changeme
localadmin:localadmin
localadmin:password
locate:changeme
locate:locate
locate:locatepw
locate:password
logan:changeme
logan:logan
logan:password
logger:logger
login:0
login:1111
login:8429
login:access
login:admin
login:changeme
login:login
login:password
lon:changeme
lon:lon
lonnie:changeme
lonnie:lonnie
lonnie:password
lon:password
loren:changeme
loren:loren
loren:password
lorenzo:changeme
lorenzo:lorenzo
lorenzo:password
lou:changeme
louie:changeme
louie:louie
louie:password
louis:changeme
louis:louis
louis:password
lou:lou
lou:password
lowell:changeme
lowell:lowell
lowell:password
loyd:changeme
loyd:loyd
loyd:password
lpadmin:lpadmin
lpadmin:password
lpadm:lpadm
lpadm:password
lp:changeme
lp:lp
lp:password
lucas:changeme
lucas:lucas
lucas:password
LUCENT01:UI-PSWD-01
LUCENT02:UI-PSWD-02
luciano:changeme
luciano:luciano
luciano:password
lucien:changeme
lucien:lucien
lucien:password
lucio:changeme
lucio:lucio
lucio:password
luis:changeme
luis:luis
luis:password
luke:changeme
luke:luke
luke:password
lupe:changeme
lupe:lupe
lupe:password
luther:changeme
luther:luther
luther:password
lyle:changeme
lyle:lyle
lyle:password
lyman:changeme
lyman:lyman
lyman:password
lynn:changeme
lynn:lynn
lynn:password
lynx:lynx
lynx:password
m1122:changeme
m1122:m1122
m1122:password
m202:m202
mac:
mac:changeme
mack:changeme
mack:mack
mack:password
mac:mac
mac:password
mailadmin:mailadmin
mailadmin:password
MAIL:changeme
MAIL:HPOFFICE
mail:mail
MAIL:MAIL
MAIL:MPE
mail:password
MAIL:password
MAIL:REMOTE
MAIL:TELESUP
maint1:maint1
maint1:password
maint2:maint2
maint2:password
maintainer:admin
maintainer:changeme
maintainer:maintainer
maintainer:password
maint:changeme
maintenance:maintenance
maint:maint
maint:maintpw
maint:ntacdmax
maint:password
maint:rwmaint
major:changeme
major:major
major:password
malcolm:changeme
malcolm:malcolm
malcolm:password
manage:changeme
manage:!manage
manage:password
manager:admin
Manager:Admin
manager:changeme
Manager:changeme
MANAGER:changeme
manager:change_on_install
MANAGER:COGNOS
manager:friend
Manager:friend
MANAGER:HPOFFICE
MANAGER:ITF3000
manager:manager
Manager:Manager
manager:password
Manager:password
MANAGER:password
MANAGER:SECURITY
manager:sys
MANAGER:SYS
MANAGER:TCH
MANAGER:TELESUP
man:man
man:password
manuel:changeme
manuel:manuel
manuel:password
manuf:changeme
manuf:password
manuf:xxyyzz
marc:changeme
marcel:changeme
marcelino:changeme
marcelino:marcelino
marcelino:password
marcel:marcel
marcelo:changeme
marcelo:marcelo
marcelo:password
marcel:password
marc:marc
marco:changeme
marco:marco
marco:password
marcos:changeme
marcos:marcos
marcos:password
marc:password
marcus:changeme
marcus:marcus
marcus:password
margarito:changeme
margarito:margarito
margarito:password
maria:changeme
maria:maria
mariano:changeme
mariano:mariano
mariano:password
maria:password
mario:changeme
mario:mario
marion:changeme
marion:marion
marion:password
mario:password
mark:changeme
mark:mark
mark:password
marlin:changeme
marlin:marlin
marlin:password
marlon:changeme
marlon:marlon
marlon:password
marquis:changeme
marquis:marquis
marquis:password
marshall:changeme
marshall:marshall
marshall:password
martin:changeme
martin:martin
martin:password
marty:changeme
marty:marty
marty:password
marvin:changeme
marvin:marvin
marvin:password
mary:changeme
mary:mary
mary:password
mason:changeme
mason:mason
mason:password
master:master
master:password
mathew:changeme
mathew:mathew
mathew:password
matt:changeme
matthew:changeme
matthew:matthew
matthew:password
matt:matt
matt:password
maurice:changeme
maurice:maurice
maurice:password
mauricio:changeme
mauricio:mauricio
mauricio:password
mauro:changeme
mauro:mauro
mauro:password
max:changeme
max:max
max:password
maxwell:changeme
maxwell:maxwell
maxwell:password
maynard:changeme
maynard:maynard
maynard:password
MDaemon:changeme
MDaemon:MServer
MDaemon:password
mediator:changeme
mediator:mediator
mediator:password
mel:changeme
mel:mel
mel:password
MELSEC:changeme
MELSEC:MELSEC
MELSEC:password
melvin:changeme
melvin:melvin
melvin:password
me:me
me:password
merle:changeme
merle:merle
merle:password
merlin:changeme
merlin:merlin
merlin:password
merrill:changeme
merrill:merrill
merrill:password
mervin:changeme
mervin:mervin
mervin:password
mfd:mfd
mfd:password
mg3500:changeme
mg3500:merlin
mg3500:password
MGR:CAROLIAN
MGR:CCC
MGR:changeme
MGR:CNAS
MGR:COGNOS
MGR:CONV
MGR:HPDESK
MGR:HPOFFICE
MGR:HPONLY
MGR:HPP187
MGR:HPP189
MGR:HPP196
MGR:INTX3
MGR:ITF3000
MGR:NETBASE
MGR:password
MGR:REGO
MGR:RJE
MGR:ROBELLE
MGR:SECURITY
MGR:SYS
MGR:TELESUP
MGR:VESOFT
MGR:WORD
MGR:XLSERVER
micah:changeme
micah:micah
micah:password
michael:changeme
michael:michael
michael:password
micheal:changeme
micheal:micheal
micheal:password
michel:changeme
michel:michel
michel:password
mickey:changeme
mickey:mickey
mickey:password
MICRO:changeme
MICRO:password
MICRO:RSX
miguel:changeme
miguel:miguel
miguel:password
mike:changeme
mike:mike
mike:password
miles:changeme
miles:miles
miles:password
milford:changeme
milford:milford
milford:password
millard:changeme
millard:millard
millard:password
milo:changeme
milo:milo
milo:password
milton:changeme
milton:milton
milton:password
misp:Password1234
mitch:changeme
mitchel:changeme
mitchell:changeme
mitchell:mitchell
mitchell:password
mitchel:mitchel
mitchel:password
mitch:mitch
mitch:password
mlusr:changeme
mlusr:mlusr
mlusr:password
mobile:mobile
mobile:password
mohamed:changeme
mohamed:mohamed
mohamed:password
mohammad:changeme
mohammad:mohammad
mohammad:password
mohammed:changeme
mohammed:mohammed
mohammed:password
moises:changeme
moises:moises
moises:password
monitor:changeme
monitor:monitor
monitor:password
monroe:changeme
monroe:monroe
monroe:password
monte:changeme
monte:monte
monte:password
monty:changeme
monty:monty
monty:password
morgan:changeme
morgan:morgan
morgan:password
morris:changeme
morris:morris
morris:password
morton:changeme
morton:morton
morton:password
moses:changeme
moses:moses
moses:password
mother:fucker
motion:motion
mountfs:mountfs
mountfs:password
mountfsys:mountfsys
mountfsys:password
mountsys:mountsys
mountsys:password
msfdev:msfdev
msf:msf
mso:changeme
mso:password
mso:w0rkplac3rul3s
mtch:changeme
mtch:mtch
mtch:password
mtcl:
mtcl:changeme
mtcl:mtcl
mtcl:password
murray:changeme
murray:murray
murray:password
mydlp:mydlp
mydlp:password
myles:changeme
myles:myles
myles:password
myron:changeme
myron:myron
myron:password
myshake:shakeme
mysql:changeme
mysql:mysql
mysql:password
naadmin:changeme
naadmin:naadmin
naadmin:password
nagios:changeme
nagios:nagios
nagios:password
nao:nao
napoleon:changeme
napoleon:napoleon
napoleon:password
nasadmin:nasadmin
nathan:changeme
nathaniel:changeme
nathaniel:nathaniel
nathaniel:password
nathan:nathan
nathan:password
NAU:changeme
NAU:NAU
NAU:password
ncrm:ncrm
ncrm:password
neal:changeme
neal:neal
neal:password
ned:changeme
ned:ned
ned:password
neil:changeme
neil:neil
neil:password
nelson:changeme
nelson:nelson
nelson:password
nestor:changeme
nestor:nestor
nestor:password
netadmin:changeme
netadmin:nimdaten
netadmin:password
netangr:attack
netapp:netapp
netbotz:netbotz
netbotz:password
netlink:netlink
netlink:password
NetLinx:changeme
NetLinx:password
netman:
netman:changeme
netman:netman
netman:password
NETOP:changeme
netopia:changeme
netopia:netopia
netopia:password
NETOP:password
netrangr:attack
netrangr:changeme
netrangr:netrangr
netrangr:password
netscreen:changeme
netscreen:netscreen
netscreen:password
NETWORK:changeme
NETWORK:NETWORK
NETWORK:password
network:passwordme
news:news
news:password
newton:changeme
newton:newton
newton:password
nexthink:123456
nfs:nfs
nfs:password
nicholas:changeme
nicholas:nicholas
nicholas:password
nick:changeme
nick:nick
nickolas:changeme
nickolas:nickolas
nickolas:password
nick:password
nicolas:changeme
nicolas:nicolas
nicolas:password
NICONEX:changeme
NICONEX:NICONEX
NICONEX:password
nigel:changeme
nigel:nigel
nigel:password
nm2user:nm2user
nm2user:password
nms:changeme
nms:nms
nms:nmspw
nms:password
noah:changeme
noah:noah
noah:password
nobody:nobody
nobody:password
noe:changeme
noel:changeme
noel:noel
noel:password
noe:noe
noe:password
nokai:nokai
nokia:nokia
nolan:changeme
nolan:nolan
nolan:password
none:0
none:admin
none:none
none:password
norbert:changeme
norbert:norbert
norberto:changeme
norberto:norberto
norberto:password
norbert:password
norman:changeme
normand:changeme
normand:normand
normand:password
norman:norman
norman:password
norris:changeme
norris:norris
norris:password
nsroot:nsroot
nsroot:password
ntpupdate:changeme
ntpupdate:ntpupdate
ntpupdate:password
numbers:changeme
numbers:numbers
numbers:password
nutanix:changeme
nutanix:nutanix
nutanix:password
nuucp:nuucp
nuucp:password
octavio:changeme
octavio:octavio
octavio:password
odell:changeme
odell:odell
odell:password
odis:changeme
odis:odis
odis:password
ods:ods
ods:password
olen:changeme
olen:olen
olen:password
olin:changeme
olin:olin
olin:password
oliver:changeme
oliver:oliver
oliver:password
ollie:changeme
ollie:ollie
ollie:password
omar:changeme
omar:omar
omar:password
onlime_r:onlime_r
onlime_r:password
on:on
op:changeme
openfiler:openfiler
openfiler:password
openhabian:openhabian
operator:
operator:$chwarzepumpe
operator:1234
operator:changeme
OPERATOR:changeme
OPERATOR:COGNOS
OPERATOR:DISC
operator:operator
operator:password
OPERATOR:password
OPERATOR:SUPPORT
OPERATOR:SYS
OPERATOR:SYSTEM
op:op
op:operator
op:password
oracle:changeme
oracle:oracle
oracle:password
oracle:Welcome$
orlando:changeme
orlando:orlando
orlando:password
orval:changeme
orval:orval
orval:password
orville:changeme
orville:orville
orville:password
osbash:osbash
osboxes:osboxes.org
oscar:changeme
oscar:oscar
oscar:password
osvaldo:changeme
osvaldo:osvaldo
osvaldo:password
otis:changeme
otis:otis
otis:password
otto:changeme
otto:otto
otto:password
overseer:overseer
overseer:password
owen:changeme
owen:owen
owen:password
pablo:changeme
pablo:pablo
pablo:password
parker:changeme
parker:parker
parker:password
pasquale:changeme
pasquale:pasquale
pasquale:password
pat:changeme
pat:password
pat:pat
patrick:changeme
patrick:password
patrick:patrick
patrol:changeme
patrol:password
patrol:patrol
paul:changeme
paul:password
paul:paul
PBX:changeme
PBX:password
PBX:PBX
pcfactory:changeme
pcfactory:password
pcfactory:pcfactory
PCUSER:changeme
PCUSER:password
PCUSER:SYS
pedro:changeme
pedro:password
pedro:pedro
percy:changeme
percy:password
percy:percy
perry:changeme
perry:password
perry:perry
pete:changeme
pete:password
pete:pete
peter:changeme
peter:password
peter:peter
PFCUser:240653C9467E45
PFCUser:changeme
PFCUser:password
phil:changeme
philip:changeme
philip:password
philip:philip
phillip:changeme
phillip:password
phillip:phillip
phil:password
phil:phil
pierre:changeme
pierre:password
pierre:pierre
piranha:changeme
piranha:password
piranha:piranha
piranha:q
pi:raspberry
pix:cisco
PlcmSpIp:changeme
PlcmSpIp:password
PlcmSpIp:PlcmSpIp
plexuser:rasplex
pmd:
pmd:changeme
pmd:password
pnadmin:password
pnadmin:pnadmin
politically:password
politically:politically
poll:changeme
poll:password
poll:poll
poll:tech
Polycom:456
Polycom:changeme
Polycom:password
Polycom:SpIp
porfirio:changeme
porfirio:password
porfirio:porfirio
postgres:123
postgres:admin
postgres:amber
postgres:changeme
postgres:password
postgres:postgres
postmaster:password
postmaster:postmaster
powerdown:password
powerdown:powerdown
preston:changeme
preston:password
preston:preston
primenet:password
primenet:primenet
primeos:password
primeos:primeos
prime:password
prime:prime
primos_cs:password
primos_cs:primos_cs
prince:changeme
prince:password
prince:prince
PRODDTA:changeme
PRODDTA:password
PRODDTA:PRODDTA
prtgadmin:password
prtgadmin:prtgadmin
PSEAdmin:$secure$
PSEAdmin:changeme
PSEAdmin:password
public:
public:changeme
public:password
public:public
public:publicpass
puresetup:puresetup
pureuser:pureuser
pw:password
pw:pw
pwrchute:password
pwrchute:pwrchute
pyimagesearch:deeplearning
QNUDECPU:changeme
QNUDECPU:password
QNUDECPU:QNUDECPU
qpgmr:password
qpgmr:qpgmr
qsecofr:password
qsecofr:qsecofr
qserv:password
qserv:qserv
qsrvbas:password
qsrvbas:qsrvbas
qsrv:password
qsrv:qsrv
qsvr:password
qsvr:qsvr
qsysopr:password
qsysopr:qsysopr
quentin:changeme
quentin:password
quentin:quentin
questra:password
questra:questra
quincy:changeme
quincy:password
quincy:quincy
quinn:changeme
quinn:password
quinn:quinn
quinton:changeme
quinton:password
quinton:quinton
quser:password
quser:quser
radius:changeme
radius:password
radius:radius
radware:changeme
radware:password
radware:radware
rafael:changeme
rafael:password
rafael:rafael
rainer:password
rainer:rainer
ralph:changeme
ralph:password
ralph:ralph
ramiro:changeme
ramiro:password
ramiro:ramiro
ramon:changeme
ramon:password
ramon:ramon
randal:changeme
randall:changeme
randall:password
randall:randall
randal:password
randal:randal
randell:changeme
randell:password
randell:randell
randolph:changeme
randolph:password
randolph:randolph
randy:changeme
randy:password
randy:randy
raphael:changeme
raphael:password
raphael:raphael
rapport:changeme
rapport:password
rapport:rapport
rapport:r@p8p0r+
raul:changeme
raul:password
raul:raul
ray:changeme
raymond:changeme
raymond:password
raymond:raymond
raymundo:changeme
raymundo:password
raymundo:raymundo
ray:password
ray:ray
rcust:changeme
rcust:password
rcust:rcust
rcust:rcustpw
rdc123:password
rdc123:rdc123
readonly:changeme
readonly:lucenttech2
readonly:password
readonly:readonly
read:password
read:read
readwrite:changeme
readwrite:lucenttech1
readwrite:password
recover:password
recover:recover
recovery:changeme
recovery:password
recovery:recovery
redline:password
redline:redline
reed:changeme
reed:password
reed:reed
refugio:changeme
refugio:password
refugio:refugio
reggie:changeme
reggie:password
reggie:reggie
reginald:changeme
reginald:password
reginald:reginald
reid:changeme
reid:password
reid:reid
reinaldo:changeme
reinaldo:password
reinaldo:reinaldo
remnux:malware
rene:changeme
rene:password
rene:rene
replicator:changeme
replicator:password
replicator:replicator
resin:resin
restoreonly:password
restoreonly:restoreonly
reuben:changeme
reuben:password
reuben:reuben
rex:changeme
rex:password
rex:rex
reyes:changeme
reyes:password
reyes:reyes
reynaldo:changeme
reynaldo:password
reynaldo:reynaldo
ricardo:changeme
ricardo:password
ricardo:ricardo
richard:changeme
richard:password
richard:richard
rich:changeme
richie:changeme
richie:password
richie:richie
rich:password
rich:rich
rick:changeme
rickey:changeme
rickey:password
rickey:rickey
rickie:changeme
rickie:password
rickie:rickie
rick:password
rick:rick
ricky:changeme
ricky:password
ricky:ricky
rico:changeme
rico:password
rico:rico
rigoberto:changeme
rigoberto:password
rigoberto:rigoberto
riley:changeme
riley:password
riley:riley
ripeop:password
ripeop:ripeop
rje:password
rje:rje
RMUser1:changeme
RMUser1:password
robbie:changeme
robbie:password
robbie:robbie
robby:changeme
robby:password
robby:robby
rob:changeme
robert:changeme
roberto:changeme
roberto:password
roberto:roberto
robert:password
robert:robert
robin:changeme
robin:password
robin:robin
rob:password
rob:rob
robt:changeme
robt:password
robt:robt
rocco:changeme
rocco:password
rocco:rocco
ro:changeme
rocky:changeme
rocky:password
rocky:rocky
rod:changeme
roderick:changeme
roderick:password
roderick:roderick
rodger:changeme
rodger:password
rodger:rodger
rodney:changeme
rodney:password
rodney:rodney
rodolfo:changeme
rodolfo:password
rodolfo:rodolfo
rod:password
rodrick:changeme
rodrick:password
rodrick:rodrick
rodrigo:changeme
rodrigo:password
rodrigo:rodrigo
rod:rod
rogelio:changeme
rogelio:password
rogelio:rogelio
roger:changeme
roger:password
roger:roger
roland:changeme
rolando:changeme
rolando:password
rolando:rolando
roland:password
roland:roland
role1:password
role1:role1
role:password
role:role
rolland:changeme
rolland:password
rolland:rolland
roman:changeme
roman:password
roman:roman
romeo:changeme
romeo:password
romeo:romeo
ronald:changeme
ronald:password
ronald:ronald
ron:changeme
ronnie:changeme
ronnie:password
ronnie:ronnie
ronny:changeme
ronny:password
ronny:ronny
ron:password
ron:ron
roo:password
roo:roo
roosevelt:changeme
roosevelt:password
roosevelt:roosevelt
root:
root:@#$%^&*!)(
root:000000
root:00000000
root:0P3N
root:1001chin
root:1111
root:111111
root:123123
root:1234
root:12345
root:123456
root:1234567
root:12345678
root:123456789
root:1234567890
root:1234qwer
root:123qwe
root:12hrs37
root:1q2w3e4r5
root:1q2w3e4r5t
root:20080826
root:3ep5w2u
root:54321
root:5up
root:666666
root:7ujMko0admin
root:7ujMko0vizxv
root:888888
root:abc123
root:admin
root:Admin
root:admin_1
root:admin1234
root:ahetzip8
root:alpine
root:anko
root:anni2013
root:antsle
root:antslq
root:arcsight
root:ascend
root:attack
root:avtech
root:ax400
root:b120root
root:bagabu
root:bananapi
root:blablabla
root:blackarch
root:blender
root:brightmail
root:C1trix321
root:calvin
root:cat1029
root:ceadmin
root:changeme
root:ChangeMe
Root:changeme
root:changethis
root:Cisco
root:cisco123
root:cms500
root:comcom
root:compass
root:coolphoenix579
root:c!SCo123
root:cubox-i
root:cxlinux
root:D13HH[
root:dasdec1
root:davox
root:dbps
root:debian
root:default
root:Default0
root:dottie
root:dreambox
root:emc
root:fai
root:fibranne
root:fidel123
root:fivranne
root:freenas
root:ggdaseuaimhrke
root:GM8182
root:GMB182
root:hi3518
root:honey
root:hqadmin
root:ibm
root:iDirect
root:ikwb
root:ikwd
root:iloveyou
root:indigo
root:iumb123
root:jauntech
root:jstwo
root:juantech
root:jvbzd
root:kali
root:klv123
root:klv1234
root:kn1TG7psLu
root:leostream
root:letacla
root:letmein
root:libreelec
root:linux
root:LSiuY7pOmZG2s
root:Mau'dib
root:max2play
root:maxided
root:monitor
root:mpegvideo
root:nas4free
root:NetappGrafanaVA
root:NeXT
root:NM1$88
root:nosoup4u
root:nsi
root:oelinux123
root:openelec
root:openmediavault
root:openssh
root:openvpnas
root:orion99
root:osboxes.org
root:owaspbwa
root:pa55w0rd
root:palosanto
root:par0t
root:pass
root:_Passw0rd_
root:Passw0rd!
root:Passw0rd_
root:password
root:PASSWORD
Root:password
root:password1
root:p@ck3tf3nc3
root:permit
root:pixmet2003
root:plex
root:powerapp
root:qaz123321
root:qaz12345
root:qaz12345!
root:qaz12345@
root:qaz13579
root:qaz1wsx2
root:qaz24680
root:qazedc
root:qazqaz
root:qazqwert
root:qazwsx
root:qazwsx!@#
root:qazwsx1
root:qazwsx12
root:qazwsx@123
root:qazwsx123
root:qazwsx123!@#
root:qazwsx123456
root:qazwsx123456!@#$%^
root:qazwsxcde!@#
root:qazwsxedc
root:qazwsxedc!@#
root:qazwsxedc1
root:qazwsxedc!@#123
root:qazwsxedcrfv
root:qazxsw
root:qazxsw!@
root:qazxswedc
root:qazxswedc!@#
root:qazxswedcvfr
root:QNX
root:qwasyx21
root:qwerty
root:qwertyuiop
root:rasplex
root:realtek
root:resumix
root:reverse
root:!root
root:root
root:root01
root:Root1!
root:root126
root:ROOT500
root:rootme
root:rootpass
root:rootpasswd
root:roottoor
root:screencast
root:Serv4EMC
root:sipwise
root:sixaola
root:stxadmin
root:system
root:t00lk1t
root:timeserver
root:tini
root:toor
root:trendimsa1.0
root:tslinux
root:turnkey
root:ubnt
root:ubuntu1404
root:uClinux
root:unitrends1
root:user
root:V1rtu@1c3!
root:vagrant
root:vertex25
root:video
root:vizxv
root:vmware
root:vmw@re
Root:wago
root:wazuh
root:welcome1
root:W!n0&oO7.
root:wyse
root:xc3511
root:xmhdipc
root:xoa
root:ys123456
root:zlxx
root:zlxx.
root:Zte521
root:zte9x15
ro:password
ro:ro
rory:changeme
rory:password
rory:rory
rosario:changeme
rosario:password
rosario:rosario
roscoe:changeme
roscoe:password
roscoe:roscoe
rosendo:changeme
rosendo:password
rosendo:rosendo
ross:changeme
ross:password
ross:ross
router:router
royal:changeme
royal:password
royal:royal
royce:changeme
royce:password
royce:royce
roy:changeme
roy:password
roy:roy
rsadmin:password
rsadmin:rsadmin
RSBCMON:changeme
RSBCMON:password
RSBCMON:SYS
rsync:changeme
rsync:password
rsync:rsync
rtsp:rtsp
ruben:changeme
ruben:password
ruben:ruben
rubin:changeme
rubin:password
rubin:rubin
rudolph:changeme
rudolph:password
rudolph:rudolph
rudy:changeme
rudy:password
rudy:rudy
rufus:changeme
rufus:password
rufus:rufus
rupert:changeme
rupert:password
rupert:rupert
russ:changeme
russel:changeme
russell:changeme
russell:password
russell:russell
russel:password
russel:russel
russ:password
russ:russ
rusty:changeme
rusty:password
rusty:rusty
rwa:changeme
rwa:password
rwa:rwa
rw:changeme
rw:password
rw:rw
ryan:changeme
ryan:password
ryan:ryan
s1stem:password
s1stem:s1stem
sa:
sa:changeme
sadmin:password
sadmin:sadmin
sal:changeme
sal:password
sal:sal
salvador:changeme
salvador:password
salvador:salvador
salvatore:changeme
salvatore:password
salvatore:salvatore
sam:changeme
sammie:changeme
sammie:password
sammie:sammie
sammy:changeme
sammy:password
sammy:sammy
sam:password
sam:sam
samuel:changeme
samuel:password
samuel:samuel
samurai:samurai
sandy:changeme
sandy:password
sandy:sandy
sanford:changeme
sanford:password
sanford:sanford
sang:changeme
sang:password
sang:sang
sansforensics:forensics
sans:training
santiago:changeme
santiago:password
santiago:santiago
santos:changeme
santos:password
santos:santos
sa:password
sa:sa
satan:password
satan:satan
saul:changeme
saul:password
saul:saul
savelogs:password
savelogs:savelogs
scmadmin:changeme
scmadmin:password
scmadmin:scmchangeme
sconsole:12345
sconsole:changeme
sconsole:password
scot:changeme
scot:password
scot:scot
scott:changeme
scottie:changeme
scottie:password
scottie:scottie
scott:password
scott:scott
scotty:changeme
scotty:password
scotty:scotty
scout:changeme
scout:password
scout:scout
se:1234
sean:changeme
sean:password
sean:sean
sebastian:changeme
sebastian:password
sebastian:sebastian
se:changeme
secofr:password
secofr:secofr
secret:secret
secure:secure
security-admin:security-admin
security:changeme
security:password
security:security
sedacm:password
sedacm:sedacm
se:password
sergio:changeme
sergio:password
sergio:sergio
Service:5678
service:changeme
Service:changeme
service:password
Service:password
service:service
service:smile
servlet:password
servlet:servlet
seth:changeme
seth:password
seth:seth
setpriv:password
setpriv:setpriv
setup:changeme
setup:changeme!
setup:password
setup:setup
seymour:changeme
seymour:password
seymour:seymour
shane:changeme
shane:password
shane:shane
shannon:changeme
shannon:password
shannon:shannon
shaun:changeme
shaun:password
shaun:shaun
shawn:changeme
shawn:password
shawn:shawn
shelby:changeme
shelby:password
shelby:shelby
sheldon:changeme
sheldon:password
sheldon:sheldon
shelladmin:changeme
shelton:changeme
shelton:password
shelton:shelton
sherman:changeme
sherman:password
sherman:sherman
shirley:changeme
shirley:password
shirley:shirley
shutdown:password
shutdown:shutdown
sidney:changeme
sidney:password
sidney:sidney
signa:password
signa:signa
silas:changeme
silas:password
silas:silas
simon:changeme
simon:password
simon:simon
siteadmin:password
siteadmin:siteadmin
smc:changeme
smc:password
smc:smc
smc:smcadmin
snake:password
snake:snake
snmp:password
snmp:snmp
snort:snort
software:password
software:software
solomon:changeme
solomon:password
solomon:solomon
son:changeme
sonny:changeme
sonny:password
sonny:sonny
son:password
son:son
spcl:0
spcl:password
spcl:spcl
spencer:changeme
spencer:password
spencer:spencer
SPOOLMAN:changeme
SPOOLMAN:HPOFFICE
SPOOLMAN:password
squid:squid
SSA:changeme
ssadmin:password
ssadmin:ssadmin
SSA:password
SSA:SSA
ssladmin:password
ssladmin:ssladmin
ssp:password
ssp:ssp
stacey:changeme
stacey:password
stacey:stacey
stackato:stackato
stacy:changeme
stacy:password
stacy:stacy
stan:changeme
stanley:changeme
stanley:password
stanley:stanley
stan:password
stan:stan
status:password
status:status
stefan:changeme
stefan:password
stefan:stefan
stephan:changeme
stephan:password
stephan:stephan
stephen:changeme
stephen:password
stephen:stephen
sterling:changeme
sterling:password
sterling:sterling
steve:changeme
steven:changeme
steven:password
steven:steven
steve:password
steve:steve
stevie:changeme
stevie:password
stevie:stevie
stewart:changeme
stewart:password
stewart:stewart
storage:storage
storwatch:changeme
storwatch:password
storwatch:specialist
storwatch:storwatch
stratacom:changeme
stratacom:password
stratacom:stratauser
stuart:changeme
stuart:password
stuart:stuart
student:changeme
student:password
student:password123
student:student
su:changeme
sung:changeme
sung:password
sung:sung
su:password
super:5777364
superadmin:changeme
superadmin:password
superadmin:secret
super:changeme
superdba:password
superdba:superdba
super:juniper123
superman:21241036
superman:changeme
superman:password
superman:talent
super:password
super.super:
super:super
super.super:master
super:surt
superuser:
superuser:123456
superuser:admin
SUPERUSER:ANS#150
superuser:changeme
SUPERUSER:changeme
superuser:password
SUPERUSER:password
superuser:superuser
supervisor:
supervisor:changeme
supervisor:password
supervisor:PlsChgMe
supervisor:PlsChgMe!
supervisor:PlsChgMe1
supervisor:supervisor
supervisor:zyad1234
support:123
support:1234
support:12345
support:123456
support:admin
support:changeme
support:h179350
support:login
support:password
support:support
support:supportpw
support:symantec
support:zlxx.
suricata:suricata
su:su
su:super
Sweex:Mysweex
sweex:password
sweex:sweex
sydney:changeme
sydney:password
sydney:sydney
sylvester:changeme
sylvester:password
sylvester:sylvester
sync:changeme
sync:password
sync:sync
sysadm:Admin
sysadm:anicust
sysadm:changeme
SYSADM:changeme
sysadmin:changeme
sysadmin:PASS
sysadmin:password
sysadmin:sysadmin
sysadm:PASS
sysadm:password
SYSADM:password
sysadm:sysadm
SYSADM:sysadm
sysbin:password
sysbin:sysbin
sys:changeme
SYSDBA:changeme
SYSDBA:masterkey
SYSDBA:password
sysdiag:changeme
sysdiag:factorycast@schneider
sysdiag:password
syslog:syslog
sysopr:password
sysopr:sysopr
sys:password
sys:sys
system_admin:password
system_admin:system_admin
system:changeme
system:change_on_install
system/manager:sys/change_on_install
system:password
system:sys
system:system
sys:uplink
t3admin:password
t3admin:t3admin
tad:changeme
tad:password
tad:tad
tanner:changeme
tanner:password
tanner:tanner
target:changeme
target:password
tasman:password
tasman:tasman
taylor:changeme
taylor:password
taylor:taylor
teacher:changeme
teacher:password
teacher:teacher
tech:
tech:123456
tech:ANYCOM
tech:changeme
tech:field
tech:ILMI
technician:password
technician:technician
tech:password
tech:tech
tech:X10Tech!
ted:changeme
teddy:changeme
teddy:password
teddy:teddy
ted:password
ted:ted
telco:changeme
telco:password
telco:telco
telecomadmin:admintelecom
telecom:changeme
telecom:password
telecom:telecom
tele:password
tele:tele
tellabs:changeme
tellabs:password
tellabs:tellabs#1
telnet:telnet
temp1:changeme
temp1:password
temp1:temp1
temp:changeme
temp:password
temp:temp
teradata:teradata
terence:changeme
terence:password
terence:terence
terrance:changeme
terrance:password
terrance:terrance
terrell:changeme
terrell:password
terrell:terrell
terrence:changeme
terrence:password
terrence:terrence
terry:changeme
terry:password
terry:terry
test:changeme
test:password
test:test
test:testingpw
thad:changeme
thaddeus:changeme
thaddeus:password
thaddeus:thaddeus
thad:password
thad:thad
thanh:changeme
thanh:password
thanh:thanh
theman:password
theman:theman
theodore:changeme
theodore:password
theodore:theodore
theron:changeme
theron:password
theron:theron
thomas:changeme
thomas:password
thomas:thomas
thurman:changeme
thurman:password
thurman:thurman
tiara:changeme
tiara:password
tiara:tiaranet
tiger:changeme
tiger:password
tiger:tiger123
tim:changeme
timmy:changeme
timmy:password
timmy:timmy
timothy:changeme
timothy:password
timothy:timothy
tim:password
tim:tim
toby:changeme
toby:password
toby:toby
tod:changeme
todd:changeme
todd:password
todd:todd
tod:password
tod:tod
tomas:changeme
tomas:password
tomas:tomas
tomcat:password
tomcat:tomcat
tom:changeme
tommie:changeme
tommie:password
tommie:tommie
tommy:changeme
tommy:password
tommy:tommy
tom:password
tom:tom
tony:changeme
tony:password
tony:tony
toor:password
toor:toor
topicalt:changeme
topicalt:password
topicalt:topicalt
topicnorm:changeme
topicnorm:password
topicnorm:topicnorm
topicres:changeme
topicres:password
topicres:topicres
tory:changeme
tory:password
tory:tory
tour:password
tour:tour
tracey:changeme
tracey:password
tracey:tracey
tracy:changeme
tracy:password
tracy:tracy
travis:changeme
travis:password
travis:travis
trent:changeme
trenton:changeme
trenton:password
trenton:trenton
trent:password
trent:trent
trevor:changeme
trevor:password
trevor:trevor
trey:changeme
trey:password
trey:trey
tridium:password
tridium:tridium
trinidad:changeme
trinidad:password
trinidad:trinidad
tristan:changeme
tristan:password
tristan:tristan
trmcnfg:password
trmcnfg:trmcnfg
trouble:password
trouble:trouble
troy:changeme
troy:password
troy:troy
truman:changeme
truman:password
truman:truman
ts3:changeme
ts3:password
ts3:ts3
tutor:password
tutor:tutor
ty:changeme
tyler:changeme
tyler:password
tyler:tyler
ty:password
tyree:changeme
tyree:password
tyree:tyree
tyrone:changeme
tyrone:password
tyrone:tyrone
tyson:changeme
tyson:password
tyson:tyson
ty:ty
ubnt:changeme
ubnt:password
ubnt:ubnt
ubuntu:changeme
ubuntu:password
ubuntu:ubuntu
ulysses:changeme
ulysses:password
ulysses:ulysses
umountfs:password
umountfs:umountfs
umountfsys:password
umountfsys:umountfsys
umountsys:password
umountsys:umountsys
unix:password
unix:unix
uploader:changeme
uploader:password
uploader:uploader
uploader:ZYPCOM
user:
User:1001
user:123456
user1:changeme
user1:pass1
user1:password
user:changeme
User:changeme
USER:changeme
user:HuaweiUser
USERID:changeme
USERID:PASSW0RD
USERID:password
Username:changeme
Username:password
Username:PASSWORD
user:pass
user:password
User:password
User:Password
USER:password
user:public
user:system
user:tivonpw
user:user
User:user
User:User
USER:USER
user:user00
uucpadm:password
uucpadm:uucpadm
uucp:password
uucp:uucp
uwmadmin:password
uwmadmin:uwmadmin
vagrant:vagrant
valentin:changeme
valentin:password
valentin:valentin
vance:changeme
vance:password
vance:vance
van:changeme
van:password
van:van
vaughn:changeme
vaughn:password
vaughn:vaughn
vcloud:VCloud
vcoadmin:vcoadmin
vcr:changeme
vcr:NetVCR
vcr:password
vcr:vcr
vern:changeme
vernon:changeme
vernon:password
vernon:vernon
vern:password
vern:vern
vgnadmin:password
vgnadmin:vgnadmin
vi-admin:vmware
vicente:changeme
vicente:password
vicente:vicente
victor:changeme
victor:password
victor:victor
viewer:password
viewer:viewer
viewuser:password
viewuser:viewuser
vince:changeme
vincent:changeme
vincent:password
vincent:vincent
vince:password
vince:vince
virgil:changeme
virgil:password
virgil:virgil
vito:changeme
vito:password
vito:vito
vmware:vmware
VNC:changeme
VNC:password
VNC:winterm
voadmin:password
voadmin:voadmin
vodafone:vodafone
volition:changeme
volition:password
volition:volition
vpasp:password
vpasp:vpasp
vt100:changeme
vt100:password
vt100:public
VTech:VTech
wade:changeme
wade:password
wade:wade
waldo:changeme
waldo:password
waldo:waldo
walker:changeme
walker:password
walker:walker
wallace:changeme
wallace:password
wallace:wallace
walter:changeme
walter:password
walter:walter
ward:changeme
ward:password
ward:ward
warren:changeme
warren:password
warren:warren
wayne:changeme
wayne:password
wayne:wayne
webadmin:1234
webadmin:changeme
webadmin:password
webadmin:webadmin
web_api:password
web_api:web_api
web:changeme
webguest:1
webguest:changeme
webguest:password
webguest:webguest
weblogic:password
weblogic:weblogic
webmaster:password
webmaster:webmaster
web:password
websecadm:changeme
websecadm:password
webserver:changeme
webserver:password
webserver:webpages
web:web
weldon:changeme
weldon:password
weldon:weldon
wendell:changeme
wendell:password
wendell:wendell
wesley:changeme
wesley:password
wesley:wesley
weston:changeme
weston:password
weston:weston
whd:password
whd:whd
wilbert:changeme
wilbert:password
wilbert:wilbert
wilbur:changeme
wilburn:changeme
wilburn:password
wilburn:wilburn
wilbur:password
wilbur:wilbur
wiley:changeme
wiley:password
wiley:wiley
wilford:changeme
wilford:password
wilford:wilford
wilfred:changeme
wilfredo:changeme
wilfredo:password
wilfredo:wilfredo
wilfred:password
wilfred:wilfred
willard:changeme
willard:password
willard:willard
will:changeme
william:changeme
william:password
williams:changeme
williams:password
williams:williams
william:william
willie:changeme
willie:password
willie:willie
willis:changeme
willis:password
willis:willis
will:password
will:will
wilmer:changeme
wilmer:password
wilmer:wilmer
wilson:changeme
wilson:password
wilson:wilson
wilton:changeme
wilton:password
wilton:wilton
winfred:changeme
winfred:password
winfred:winfred
winston:changeme
winston:password
winston:winston
wlcsystem:password
wlcsystem:wlcsystem
wlpisystem:password
wlpisystem:wlpisystem
wlse:changeme
wlse:password
wlseuser:changeme
wlseuser:password
wlseuser:wlsepassword
wlse:wlse
wlse:wlsedb
wm:changeme
wm:password
wm:wm
woodrow:changeme
woodrow:password
woodrow:woodrow
WP:changeme
WP:HPOFFICE
WP:password
wradmin:changeme
wradmin:password
wradmin:trancell
wradmin:wradmin
write:changeme
write:password
write:private
write:write
wsupgrade:changeme
wsupgrade:password
wsupgrade:wsupgrade
www:changeme
www:password
www:www
wyatt:changeme
wyatt:password
wyatt:wyatt
xavier:changeme
xavier:password
xavier:xavier
xbox:changeme
xbox:password
xbox:xbox
xd:changeme
xd:password
xd:xd
xinstall:xiofast1
xmi_demo:password
xmi_demo:xmi_demo
xmsadmin:123456
xmsadmin:Xtrem10
xmsupload:xmsupload
xxx:cascade
yong:changeme
yong:password
yong:yong
young:changeme
young:password
young:young
zachariah:changeme
zachariah:password
zachariah:zachariah
zachary:changeme
zachary:password
zachary:zachary
zach:changeme
zachery:changeme
zachery:password
zachery:zachery
zach:password
zach:zach
zane:changeme
zane:password
zane:zane
zimbra:zimbra
ZXDSL:ZXDSL
zyfwp:password
zyfwp:PrOw!aN_fXp
zyfwp:zyfwp
